id,username,email,adresa,telefon,parola
1,ghandling0,msaxelby0@boston.com,72 Clyde Gallagher Lane,0779297714,cEUOYuq7mo
2,scollerd1,mdaniells1@angelfire.com,8198 Miller Crossing,0735658169,wrlq4E0WIa
3,amckendry2,baugustin2@hugedomains.com,64 Scoville Point,0762114132,HvNe3Ja9k
4,jisakson3,klardner3@usda.gov,160 Hazelcrest Park,0714375524,buIhdpvy2qK
5,oboucher4,kgregorowicz4@dell.com,3 Clemons Center,0761996662,Be9bvho27
6,cpheby5,ajezard5@aol.com,1 Dovetail Park,0704918931,FdLwkZZP
7,hstandell6,cpelfer6@vinaora.com,5217 Cambridge Crossing,0761804253,2Ex9F5x
8,osallowaye7,cbleythin7@amazon.co.uk,653 Judy Trail,0763193423,JYb1TZ
9,hlawlor8,slarby8@mtv.com,053 Sachs Junction,0711975311,6vYzZ2P1ZK
10,cspikings9,ccleary9@goodreads.com,3 Loeprich Crossing,0740757363,H7K6Vg6HjT5k
11,ringlestona,tviviena@altervista.org,21 Manufacturers Pass,0785623018,88jtkKSa
12,astockleb,rhilandb@bloglovin.com,436 Westridge Court,0794113716,xkpQvh5
13,jbruggerc,vvanderbrugc@feedburner.com,286 Melvin Way,0703648821,tw16xDq87u
14,jattreedd,bhealyd@sina.com.cn,07491 Goodland Terrace,0786317662,yF7i7eynw5D
15,dbewlye,bannandalee@usatoday.com,99 7th Pass,0712992866,1ZVP8tlGv
16,ccunradif,jpaffleyf@fema.gov,82824 Rigney Avenue,0743908977,pp991f0pEcQu
17,lguppyg,amckayg@tripadvisor.com,6 Badeau Center,0760330834,JETppDOV
18,lsandefordh,pconnochieh@gov.uk,91 Beilfuss Street,0761181385,EJ5c1zlQBO9q
19,ocunniffi,ainstonei@vistaprint.com,4399 Daystar Drive,0734881450,0giYVq
20,lpeakj,kmitchellj@spiegel.de,11 Ridge Oak Park,0769081934,vWZX8dFdcFll
21,aarmigerk,elowdek@cnet.com,58180 Petterle Trail,0725867844,NnzJ2fkWvg5c
22,ecolaml,estuckl@bluehost.com,91196 Veith Junction,0768832973,qhdYFNk
23,dduffieldm,edealym@wordpress.com,00549 Shoshone Terrace,0769980780,ESC0UDpV
24,fcicconen,lpaolazzin@mac.com,6297 Mockingbird Terrace,0727201752,AWbtVfFK
25,fraulstono,ftorbeto@slashdot.org,3 Oxford Crossing,0791547816,yx3kqU
26,awisemanp,foluneyp@wisc.edu,9812 Esch Circle,0720658274,2NQQEbOLiB
27,ncrombieq,aneasamq@qq.com,321 Ramsey Plaza,0762946417,1XBcnGjY16eq
28,jrasmusr,lgymblettr@tripod.com,685 Heath Junction,0798897923,fFyCqVL2
29,vlampitts,ccreebos@trellian.com,92213 Carpenter Avenue,0752147726,EEBKGit8R9x
30,fsilvertont,ebrizellt@photobucket.com,4 Pennsylvania Pass,0787925048,0opWWARS
31,ctweedeu,drattrayu@zimbio.com,7053 Main Center,0789785118,64IoXh9kkh
32,kdictyv,dholahv@tinypic.com,77789 Lyons Hill,0705443999,GUbtXXwsze
33,khaburnew,rfurnellw@virginia.edu,065 Hollow Ridge Junction,0708134000,Z0jKOCuxs
34,gdrillingcourtx,jfarfootx@google.it,5068 Comanche Point,0742465205,CTmnJxP
35,jgregorey,hburburoughy@sourceforge.net,8377 Commercial Trail,0766970042,DMPgxf
36,jfacherz,cdomleoz@youku.com,28252 Morningstar Circle,0754331898,gKVMUm
37,cdarbey10,jerskin10@tripod.com,9958 Barnett Hill,0777930358,PCbMWLG
38,sschohier11,efantin11@uol.com.br,16043 Mariners Cove Center,0762686243,Si2FVKRNN
39,rwalklot12,sepinay12@japanpost.jp,143 Sherman Place,0797628619,cazSiUZswL8
40,ydany13,bkestle13@usnews.com,0 Magdeline Park,0719069618,8RBWQWDHr4
41,awyson14,nchallace14@tripod.com,7 Dwight Plaza,0781287359,3R9hqWE8IcX
42,aherety15,cmileham15@spotify.com,7 Stang Center,0714234642,QgLNZD9gH5KQ
43,sbrotherheed16,mtapsfield16@themeforest.net,3 Manufacturers Drive,0745888195,XUoEloxy4GNL
44,ckobes17,iagius17@house.gov,95 Badeau Drive,0719562954,nkex7Xidx
45,mmattiato18,nruslin18@timesonline.co.uk,43 Carioca Street,0757341011,VyR5fbGrb51G
46,rwitul19,msetch19@wikipedia.org,0683 Dixon Court,0725901941,qlj1Xzcn
47,bfewlass1a,btodor1a@bigcartel.com,1862 Clarendon Point,0758889451,B39HesUvI8B
48,agrimsditch1b,tdipple1b@blogspot.com,72918 Jenna Road,0754144171,StYYpn6hjb
49,dolenane1c,xmcgurn1c@engadget.com,294 Reinke Pass,0784772073,amHOI1f4sN
50,fwhorall1d,vkenealy1d@boston.com,0580 Stephen Circle,0748250136,hAvxkF
51,bsackes1e,pchristiensen1e@geocities.com,72 7th Street,0742236330,SDJSLSUT
52,mpridgeon1f,ctrodd1f@dailymotion.com,4 Duke Pass,0718365443,cffziQ9y
53,sschwerin1g,bstegell1g@purevolume.com,4 Paget Street,0751858837,ptJFyMdtD
54,jrosingdall1h,achong1h@issuu.com,0 Pond Street,0792700692,7WhjCYPh
55,ewoolveridge1i,obezzant1i@ed.gov,359 Burning Wood Junction,0724453596,5VGCosf89
56,lbennet1j,llewsy1j@cafepress.com,360 Dahle Lane,0765007467,KoGLtw
57,iallmond1k,mcahillane1k@jigsy.com,3422 Quincy Way,0751750658,Cq1S4TDQM
58,ltaffs1l,arollo1l@addthis.com,2 Shasta Pass,0794703021,Uuzs76Fw
59,deagger1m,cfortnon1m@hc360.com,15 Delaware Alley,0704241303,AEeCyIT
60,bnabbs1n,nmcgifford1n@ebay.com,87 Cordelia Point,0754631354,PGVZUZcd
61,aelward1o,hkennedy1o@boston.com,524 Lakeland Park,0765403300,dsrvcvJWK1ta
62,stasch1p,zholdforth1p@nih.gov,95 Linden Road,0742193589,cbh2G4E7Ax
63,mblanche1q,eflanigan1q@hao123.com,109 Sycamore Avenue,0798448503,B0qQMnYUm
64,jwrotham1r,gcaldecutt1r@who.int,8 Lunder Point,0752750672,SKc80eE53
65,ehayen1s,nstoodley1s@google.com.au,9 Elgar Parkway,0759755606,AoGg2dCmQt
66,esapseed1t,asudddard1t@addthis.com,4288 Twin Pines Way,0787891059,6N2p6AXvJn
67,kurvoy1u,bhaversham1u@blogger.com,9 Del Mar Plaza,0729625527,pHPMheJxLa
68,kcliss1v,abedell1v@purevolume.com,48 Columbus Hill,0749835445,7DmJaX9em
69,cglanville1w,lmcgiveen1w@blogger.com,13 Summerview Street,0717513819,O8jGR9hR
70,dlytle1x,goskehan1x@craigslist.org,622 Ilene Lane,0760810330,h2lC05kXTr
71,jmatyas1y,sstithe1y@sakura.ne.jp,1 Rieder Parkway,0752461397,5tbq1GMcGW
72,jessam1z,dlattka1z@yale.edu,1995 Loomis Parkway,0769165524,LCndtnMv
73,bsimeoli20,bblucher20@canalblog.com,1 Menomonie Plaza,0727554152,DYAnETxXrpGy
74,twogdon21,fethington21@jimdo.com,4750 Commercial Park,0730854868,yoobVZ15
75,eberry22,rcusworth22@businesswire.com,047 Ohio Junction,0736050525,45gY9WccB
76,ehuie23,hlondesborough23@rediff.com,339 Hovde Road,0777701117,qBCFhqr4
77,rheikkinen24,dmcgeagh24@imageshack.us,738 Rockefeller Trail,0710338191,tYbEbN
78,kocrotty25,ashercliff25@geocities.com,88 Waxwing Lane,0740882824,wx0BJ7b78
79,gtheuss26,tmolohan26@uol.com.br,2226 Bonner Plaza,0740062787,CmKeCottsk2
80,tburrow27,rsalvidge27@cisco.com,99 Jana Road,0794197090,3n0TyKGK5
81,pscheffler28,sstanbridge28@reverbnation.com,16887 Esch Parkway,0720960935,e3gF6Z
82,dboulsher29,kshouler29@samsung.com,96448 Macpherson Court,0708677441,qjrjiObAz8NR
83,nsolomonides2a,aexter2a@ask.com,167 Mosinee Way,0776160104,7Nji1W
84,kmoatt2b,fbernhart2b@google.fr,78531 Hauk Center,0750077890,vmyEWZt
85,wduquesnay2c,gbastistini2c@wp.com,29832 John Wall Road,0771361196,9Dh9dmUPZl
86,wheak2d,fbackshill2d@virginia.edu,29970 Kings Alley,0787636017,h34AsE7
87,omyhan2e,nchristy2e@loc.gov,64292 Mallory Point,0793653246,uoI3HCZ
88,econcklin2f,kyerill2f@marketwatch.com,66380 Stone Corner Road,0731827668,DwOEhW
89,mshaves2g,plegall2g@shinystat.com,69 Emmet Pass,0749882050,SKz5xWYQSJ
90,tklimko2h,ahellyer2h@dropbox.com,69544 Nobel Way,0738019806,Nh2o5rBZvV
91,tsummerfield2i,mgurery2i@deliciousdays.com,495 Parkside Lane,0763338077,3Ju7AntMy
92,dallawy2j,pmuncey2j@tuttocitta.it,902 Chive Place,0722537881,aRA3n0ak7gCh
93,mraubenheim2k,eraincin2k@cpanel.net,6 Utah Way,0727601029,vjCwRL6OR
94,cdorow2l,ebruggen2l@imgur.com,4 Loftsgordon Court,0776843767,KTXvoRBWoAl
95,rkrikorian2m,bbravery2m@globo.com,33219 Lunder Circle,0766554088,Pzh6mTG4
96,mreddecliffe2n,fcannaway2n@bloomberg.com,8 Waxwing Place,0765760045,sjujM1W
97,naldred2o,ppleaden2o@wufoo.com,587 Ryan Lane,0741715798,pFev6pYYYgNk
98,iryle2p,emein2p@icq.com,01202 Morrow Crossing,0742406359,7y0P8dnH
99,rcapelen2q,ooland2q@accuweather.com,00 Moland Pass,0795347341,Umaf1DJv4S
100,smergue2r,iponte2r@privacy.gov.au,453 Gateway Trail,0720016398,4aK1uGDIA1
101,nbramont2s,tbanting2s@indiatimes.com,063 Bonner Trail,0762980854,f4N9ruIZndTK
102,kmazzei2t,jsantorini2t@prnewswire.com,2 Scott Pass,0740048474,kynh1gNOwmj
103,rgomer2u,spibworth2u@baidu.com,62 Vernon Parkway,0723613917,JmtmS81vCqrG
104,ppashba2v,bloggie2v@sina.com.cn,2 Utah Circle,0705758907,rYXyMhLn4VJg
105,jgummie2w,wdow2w@cornell.edu,7 Summerview Place,0708071668,APGXRk6D3QtI
106,cogelbe2x,wmacparlan2x@phpbb.com,8 Brown Lane,0740350071,JlhEVsCEWw
107,hgoring2y,ccherry2y@wikia.com,57 Sauthoff Lane,0779772633,Ng8ebQVNmjug
108,mshildrake2z,echauvey2z@lycos.com,5 Tennessee Street,0798570815,XOunIYgI
109,osmeeton30,lgosson30@booking.com,663 Scoville Center,0755834939,oOzI1N
110,briches31,adolohunty31@google.fr,17155 Darwin Lane,0720555386,VaNyKu
111,pjewer32,gdoick32@mashable.com,2 Oakridge Point,0705021884,tLxpbmUgC
112,slewins33,dpoile33@networkadvertising.org,8 Dakota Drive,0785412159,UmdORvs
113,zfoskin34,mower34@php.net,710 Golden Leaf Lane,0735244516,QoLTr1sA
114,srown35,mbagshaw35@time.com,42738 Harbort Drive,0742562010,SCJ4seNQjG
115,sforrest36,rfreed36@dmoz.org,1847 Huxley Trail,0711806636,ppPCnpYV
116,sthake37,hskayman37@examiner.com,44747 Hanson Parkway,0791775834,TlScyFfPxd
117,nbedham38,bcominoli38@behance.net,30 Caliangt Pass,0712656587,q2jbtWA1
118,hshelmardine39,rikin39@joomla.org,8434 Ramsey Street,0766137838,ENU0Vq41NX1G
119,wscad3a,jchafney3a@studiopress.com,84272 Reindahl Parkway,0717130764,ESCxmYk7HKdy
120,kmccoughan3b,ffirebrace3b@imdb.com,7 Canary Pass,0744111309,PUkrnC3NFanL
121,gertel3c,rkenson3c@ca.gov,2281 Eastwood Drive,0720011063,4UEqKJL
122,ataffie3d,tnorris3d@wordpress.com,69 Moulton Lane,0759670451,Lv3TeNmexhf
123,opennycuick3e,thodgin3e@wordpress.com,849 Kensington Circle,0761582235,7TK84UvZ
124,pmarikhin3f,acobden3f@topsy.com,62 Dahle Parkway,0720719963,jKgpIXf
125,rchad3g,fpetworth3g@google.co.jp,030 Mesta Drive,0771328085,Jwt4kl8W
126,rmitchel3h,askippon3h@histats.com,1 Montana Center,0790395600,7aifcBYG3y7
127,amargarson3i,gwills3i@cdc.gov,13704 Stone Corner Pass,0709450243,8pdjIC
128,shumbatch3j,mchugg3j@thetimes.co.uk,825 Sunfield Circle,0746557845,5LscRbjeB3R
129,gyallop3k,abeckhurst3k@google.com.au,324 Maple Wood Trail,0708315697,EsNYlD
130,fsawle3l,rjury3l@techcrunch.com,120 Anzinger Alley,0760937511,Zw42SK8PLq
131,dpittford3m,cakker3m@abc.net.au,9477 Golf Course Crossing,0795152266,nJIjpLZ
132,cpresslie3n,ddenford3n@vkontakte.ru,498 Mockingbird Point,0784719841,9PKcJBi0
133,meayres3o,acattini3o@newyorker.com,7109 Cordelia Crossing,0755430443,LXSzkZi
134,acheccuzzi3p,ejarritt3p@cnn.com,1 Blaine Drive,0719392675,Guv2GcGDA
135,ggauson3q,cbayle3q@dedecms.com,94 Texas Circle,0717997219,aChZzL
136,jchadney3r,btoderbrugge3r@tinyurl.com,7 Ridge Oak Lane,0761688899,YqmICjU
137,jswatridge3s,sdurkin3s@i2i.jp,681 Jana Center,0766989571,2A4radJw
138,gohartnett3t,sbillyard3t@creativecommons.org,462 Barby Lane,0734771046,GKWy5rARZ
139,tareles3u,hbordiss3u@ask.com,62288 Lakewood Gardens Crossing,0706453590,X866AGmYXON
140,obattabee3v,wpenhaleurack3v@wordpress.org,8 Columbus Drive,0796095418,NXyjSDtU
141,dhuncote3w,ibannister3w@hud.gov,66618 Chive Crossing,0772165628,Hbd81ZI2FjFA
142,yallgood3x,rcasford3x@netscape.com,9 Arkansas Avenue,0778331161,0Jaaev
143,dmingame3y,pmarielle3y@hibu.com,8 Welch Point,0710152165,E9P9tSnWF
144,mmarians3z,cmontrose3z@who.int,0203 Village Pass,0796503367,mkIayPYPz
145,ajacobsohn40,etolomei40@netlog.com,728 Thackeray Crossing,0731221948,LknVbQy8J3ll
146,fkynder41,rfoote41@marriott.com,0599 Corben Parkway,0737429748,G0pT8FeH
147,toxbie42,asegebrecht42@drupal.org,0 Packers Center,0708992891,F7rcwKw5vJEf
148,ytuffs43,scolman43@xrea.com,722 Miller Trail,0734219466,O1qBQ7rSiHs
149,adwire44,pjinkins44@t.co,58 Pond Circle,0766096973,hTsp3DRyvo
150,ocastilljo45,dgreenhaugh45@blogger.com,80 Delaware Junction,0776325534,VmLTvsDNdUB
151,afaltin46,gbertie46@com.com,424 Susan Crossing,0700133848,v3cVdeS2fQGi
152,lcostelloe47,trowledge47@mozilla.org,9272 Shopko Center,0728495376,ASOqPep
153,kpearlman48,amunehay48@blogtalkradio.com,16904 Farragut Court,0794981882,wJ3WHZz3CYX
154,fbullent49,qcotesford49@ucsd.edu,14558 Bobwhite Parkway,0758058608,rQbhZAre5h
155,pimpleton4a,srocca4a@scribd.com,93539 Mockingbird Point,0741590333,f603buXX1
156,brameau4b,kweedenburg4b@cam.ac.uk,8 Commercial Street,0737961540,lubCBvQuU
157,dduckinfield4c,tgange4c@uol.com.br,6722 Dryden Road,0759731403,xqCAQGk3d
158,lkalb4d,jpuckham4d@mapquest.com,9350 American Hill,0763023455,xL5ONTlGee
159,mbednall4e,gdybald4e@unblog.fr,589 Welch Center,0714799651,TFv5qAD1
160,bgorwood4f,gdahlback4f@aboutads.info,0670 Schlimgen Place,0755663212,oMPQLSiM
161,dantczak4g,ineesam4g@ucoz.ru,1 Marcy Terrace,0736230646,BJQ2MVwgT
162,imclarnon4h,lchantree4h@biglobe.ne.jp,340 Mayfield Hill,0722019057,rlD0Kih
163,bfalconbridge4i,mhargie4i@examiner.com,946 8th Trail,0749922120,Bews6Pil
164,abanyard4j,mgeydon4j@flavors.me,1 Killdeer Place,0793050398,v5N50rzc
165,dolcot4k,tocullinane4k@house.gov,2 Monica Point,0714278089,dkzWwFK
166,bquinell4l,ctestro4l@reuters.com,9 Green Ridge Circle,0717184625,xYtphTYTCCT
167,mtranfield4m,mkilmary4m@skyrock.com,619 Spenser Crossing,0799538389,3xamUIyUrHn
168,cmouland4n,fcoard4n@globo.com,44698 Crest Line Circle,0714727967,9Cp8512Vp
169,rtaborre4o,gtefft4o@google.com.hk,1604 Brentwood Point,0720769751,qfJucjjOFF
170,abinnall4p,ddrysdale4p@example.com,78999 4th Plaza,0742852581,Tmkf36HS2xpe
171,garmytage4q,mbartrum4q@nytimes.com,1 Ramsey Hill,0757289620,3Wr3Nv0ZO
172,gcutress4r,alafaye4r@last.fm,8824 Dwight Plaza,0765930695,HAtogO2oXZ
173,ndowsey4s,gbailes4s@dot.gov,7630 Stone Corner Circle,0766999445,7bO3uspl3C2
174,ssheather4t,kmackartan4t@goo.ne.jp,00646 Clyde Gallagher Point,0737746165,cJRA1R
175,ebucklee4u,abettley4u@goo.ne.jp,897 Old Shore Center,0722658521,f4HueFFCit
176,tfranchioni4v,hlinnett4v@networkadvertising.org,1 Vernon Crossing,0772482306,TSO01AMBHUn
177,fboles4w,pcaselli4w@europa.eu,633 Ridgeview Drive,0780891597,D7Jt1CiMI1E
178,rrowen4x,htoland4x@independent.co.uk,10639 Meadow Valley Terrace,0772564328,x1PHcoQu8wlX
179,dfowles4y,cscarf4y@linkedin.com,9064 Towne Crossing,0740041423,T368VsQQDoYU
180,cdufton4z,askegg4z@amazon.co.jp,260 Dottie Road,0701911926,w6JPyuzTn
181,srive50,gmarkey50@whitehouse.gov,04 Prentice Avenue,0730628148,T25wlF0NP
182,wcristofor51,rdamiral51@microsoft.com,6 Veith Crossing,0741895842,U4lL80Og
183,crittmeyer52,sridolfi52@springer.com,2 Waywood Parkway,0719408470,exheaxt
184,bgilfether53,djustice53@typepad.com,2194 Meadow Valley Lane,0704445658,dvAkrYL
185,estobbe54,aaleso54@wikipedia.org,2 Superior Plaza,0711186885,DDBprQt
186,pbiggam55,rtreby55@friendfeed.com,22698 Sachtjen Court,0788083938,JW2thjL
187,mpollie56,smatura56@tinypic.com,6 Erie Way,0711121823,JjqURbtWCC
188,dgalletly57,ghargey57@examiner.com,3 Banding Alley,0703584636,6DItyq6
189,jmacshirrie58,gdummer58@alibaba.com,2326 Eggendart Place,0785805981,yryS0wqw
190,gkinner59,djammet59@telegraph.co.uk,7726 Glendale Center,0727282644,xarzgps
191,grafter5a,emartinek5a@51.la,1 Kennedy Junction,0740693535,Rsy9ER
192,rjacquest5b,mballaam5b@hostgator.com,5240 Meadow Valley Terrace,0795435865,hCVoZeic
193,ccarruthers5c,araffin5c@gnu.org,8610 Dwight Place,0765488971,stLmqt3
194,ewhalley5d,klockie5d@phoca.cz,80 Arapahoe Alley,0775127145,24thmTg9p8vf
195,molivazzi5e,dpeach5e@pcworld.com,24 Packers Junction,0750701651,sYXRNKLAz1UM
196,icollimore5f,ibranch5f@bloglines.com,68955 Ramsey Circle,0764576832,7IeUaI
197,dstarie5g,ccorsan5g@paginegialle.it,206 Roxbury Avenue,0784285094,ns2LkMP1zo11
198,mglencros5h,eyuryatin5h@vkontakte.ru,7 Butterfield Street,0712323434,aLD8ubwRZeQn
199,feitter5i,wdewitt5i@ft.com,31037 Transport Street,0711222498,x6qkCH0
200,aparidge5j,jdarte5j@addthis.com,0798 Pankratz Hill,0715921766,goNk2lhBE