user,email,adresa,parola
ghandling0,msaxelby0@boston.com,72 Clyde Gallagher Lane,cEUOYuq7mo
scollerd1,mdaniells1@angelfire.com,8198 Miller Crossing,wrlq4E0WIa
amckendry2,baugustin2@hugedomains.com,64 Scoville Point,HvNe3Ja9k
jisakson3,klardner3@usda.gov,160 Hazelcrest Park,buIhdpvy2qK
oboucher4,kgregorowicz4@dell.com,3 Clemons Center,Be9bvho27
cpheby5,ajezard5@aol.com,1 Dovetail Park,FdLwkZZP
hstandell6,cpelfer6@vinaora.com,5217 Cambridge Crossing,2Ex9F5x
osallowaye7,cbleythin7@amazon.co.uk,653 Judy Trail,JYb1TZ
hlawlor8,slarby8@mtv.com,053 Sachs Junction,6vYzZ2P1ZK
cspikings9,ccleary9@goodreads.com,3 Loeprich Crossing,H7K6Vg6HjT5k
ringlestona,tviviena@altervista.org,21 Manufacturers Pass,88jtkKSa
astockleb,rhilandb@bloglovin.com,436 Westridge Court,xkpQvh5
jbruggerc,vvanderbrugc@feedburner.com,286 Melvin Way,tw16xDq87u
jattreedd,bhealyd@sina.com.cn,07491 Goodland Terrace,yF7i7eynw5D
dbewlye,bannandalee@usatoday.com,99 7th Pass,1ZVP8tlGv
ccunradif,jpaffleyf@fema.gov,82824 Rigney Avenue,pp991f0pEcQu
lguppyg,amckayg@tripadvisor.com,6 Badeau Center,JETppDOV
lsandefordh,pconnochieh@gov.uk,91 Beilfuss Street,EJ5c1zlQBO9q
ocunniffi,ainstonei@vistaprint.com,4399 Daystar Drive,0giYVq
lpeakj,kmitchellj@spiegel.de,11 Ridge Oak Park,vWZX8dFdcFll
aarmigerk,elowdek@cnet.com,58180 Petterle Trail,NnzJ2fkWvg5c
ecolaml,estuckl@bluehost.com,91196 Veith Junction,qhdYFNk
dduffieldm,edealym@wordpress.com,00549 Shoshone Terrace,ESC0UDpV
fcicconen,lpaolazzin@mac.com,6297 Mockingbird Terrace,AWbtVfFK
fraulstono,ftorbeto@slashdot.org,3 Oxford Crossing,yx3kqU
awisemanp,foluneyp@wisc.edu,9812 Esch Circle,2NQQEbOLiB
ncrombieq,aneasamq@qq.com,321 Ramsey Plaza,1XBcnGjY16eq
jrasmusr,lgymblettr@tripod.com,685 Heath Junction,fFyCqVL2
vlampitts,ccreebos@trellian.com,92213 Carpenter Avenue,EEBKGit8R9x
fsilvertont,ebrizellt@photobucket.com,4 Pennsylvania Pass,0opWWARS
ctweedeu,drattrayu@zimbio.com,7053 Main Center,64IoXh9kkh
kdictyv,dholahv@tinypic.com,77789 Lyons Hill,GUbtXXwsze
khaburnew,rfurnellw@virginia.edu,065 Hollow Ridge Junction,Z0jKOCuxs
gdrillingcourtx,jfarfootx@google.it,5068 Comanche Point,CTmnJxP
jgregorey,hburburoughy@sourceforge.net,8377 Commercial Trail,DMPgxf
jfacherz,cdomleoz@youku.com,28252 Morningstar Circle,gKVMUm
cdarbey10,jerskin10@tripod.com,9958 Barnett Hill,PCbMWLG
sschohier11,efantin11@uol.com.br,16043 Mariners Cove Center,Si2FVKRNN
rwalklot12,sepinay12@japanpost.jp,143 Sherman Place,cazSiUZswL8
ydany13,bkestle13@usnews.com,0 Magdeline Park,8RBWQWDHr4
awyson14,nchallace14@tripod.com,7 Dwight Plaza,3R9hqWE8IcX
aherety15,cmileham15@spotify.com,7 Stang Center,QgLNZD9gH5KQ
sbrotherheed16,mtapsfield16@themeforest.net,3 Manufacturers Drive,XUoEloxy4GNL
ckobes17,iagius17@house.gov,95 Badeau Drive,nkex7Xidx
mmattiato18,nruslin18@timesonline.co.uk,43 Carioca Street,VyR5fbGrb51G
rwitul19,msetch19@wikipedia.org,0683 Dixon Court,qlj1Xzcn
bfewlass1a,btodor1a@bigcartel.com,1862 Clarendon Point,B39HesUvI8B
agrimsditch1b,tdipple1b@blogspot.com,72918 Jenna Road,StYYpn6hjb
dolenane1c,xmcgurn1c@engadget.com,294 Reinke Pass,amHOI1f4sN
fwhorall1d,vkenealy1d@boston.com,0580 Stephen Circle,hAvxkF
bsackes1e,pchristiensen1e@geocities.com,72 7th Street,SDJSLSUT
mpridgeon1f,ctrodd1f@dailymotion.com,4 Duke Pass,cffziQ9y
sschwerin1g,bstegell1g@purevolume.com,4 Paget Street,ptJFyMdtD
jrosingdall1h,achong1h@issuu.com,0 Pond Street,7WhjCYPh
ewoolveridge1i,obezzant1i@ed.gov,359 Burning Wood Junction,5VGCosf89
lbennet1j,llewsy1j@cafepress.com,360 Dahle Lane,KoGLtw
iallmond1k,mcahillane1k@jigsy.com,3422 Quincy Way,Cq1S4TDQM
ltaffs1l,arollo1l@addthis.com,2 Shasta Pass,Uuzs76Fw
deagger1m,cfortnon1m@hc360.com,15 Delaware Alley,AEeCyIT
bnabbs1n,nmcgifford1n@ebay.com,87 Cordelia Point,PGVZUZcd
aelward1o,hkennedy1o@boston.com,524 Lakeland Park,dsrvcvJWK1ta
stasch1p,zholdforth1p@nih.gov,95 Linden Road,cbh2G4E7Ax
mblanche1q,eflanigan1q@hao123.com,109 Sycamore Avenue,B0qQMnYUm
jwrotham1r,gcaldecutt1r@who.int,8 Lunder Point,SKc80eE53
ehayen1s,nstoodley1s@google.com.au,9 Elgar Parkway,AoGg2dCmQt
esapseed1t,asudddard1t@addthis.com,4288 Twin Pines Way,6N2p6AXvJn
kurvoy1u,bhaversham1u@blogger.com,9 Del Mar Plaza,pHPMheJxLa
kcliss1v,abedell1v@purevolume.com,48 Columbus Hill,7DmJaX9em
cglanville1w,lmcgiveen1w@blogger.com,13 Summerview Street,O8jGR9hR
dlytle1x,goskehan1x@craigslist.org,622 Ilene Lane,h2lC05kXTr
jmatyas1y,sstithe1y@sakura.ne.jp,1 Rieder Parkway,5tbq1GMcGW
jessam1z,dlattka1z@yale.edu,1995 Loomis Parkway,LCndtnMv
bsimeoli20,bblucher20@canalblog.com,1 Menomonie Plaza,DYAnETxXrpGy
twogdon21,fethington21@jimdo.com,4750 Commercial Park,yoobVZ15
eberry22,rcusworth22@businesswire.com,047 Ohio Junction,45gY9WccB
ehuie23,hlondesborough23@rediff.com,339 Hovde Road,qBCFhqr4
rheikkinen24,dmcgeagh24@imageshack.us,738 Rockefeller Trail,tYbEbN
kocrotty25,ashercliff25@geocities.com,88 Waxwing Lane,wx0BJ7b78
gtheuss26,tmolohan26@uol.com.br,2226 Bonner Plaza,CmKeCottsk2
tburrow27,rsalvidge27@cisco.com,99 Jana Road,3n0TyKGK5
pscheffler28,sstanbridge28@reverbnation.com,16887 Esch Parkway,e3gF6Z
dboulsher29,kshouler29@samsung.com,96448 Macpherson Court,qjrjiObAz8NR
nsolomonides2a,aexter2a@ask.com,167 Mosinee Way,7Nji1W
kmoatt2b,fbernhart2b@google.fr,78531 Hauk Center,vmyEWZt
wduquesnay2c,gbastistini2c@wp.com,29832 John Wall Road,9Dh9dmUPZl
wheak2d,fbackshill2d@virginia.edu,29970 Kings Alley,h34AsE7
omyhan2e,nchristy2e@loc.gov,64292 Mallory Point,uoI3HCZ
econcklin2f,kyerill2f@marketwatch.com,66380 Stone Corner Road,DwOEhW
mshaves2g,plegall2g@shinystat.com,69 Emmet Pass,SKz5xWYQSJ
tklimko2h,ahellyer2h@dropbox.com,69544 Nobel Way,Nh2o5rBZvV
tsummerfield2i,mgurery2i@deliciousdays.com,495 Parkside Lane,3Ju7AntMy
dallawy2j,pmuncey2j@tuttocitta.it,902 Chive Place,aRA3n0ak7gCh
mraubenheim2k,eraincin2k@cpanel.net,6 Utah Way,vjCwRL6OR
cdorow2l,ebruggen2l@imgur.com,4 Loftsgordon Court,KTXvoRBWoAl
rkrikorian2m,bbravery2m@globo.com,33219 Lunder Circle,Pzh6mTG4
mreddecliffe2n,fcannaway2n@bloomberg.com,8 Waxwing Place,sjujM1W
naldred2o,ppleaden2o@wufoo.com,587 Ryan Lane,pFev6pYYYgNk
iryle2p,emein2p@icq.com,01202 Morrow Crossing,7y0P8dnH
rcapelen2q,ooland2q@accuweather.com,00 Moland Pass,Umaf1DJv4S
smergue2r,iponte2r@privacy.gov.au,453 Gateway Trail,4aK1uGDIA1
nbramont2s,tbanting2s@indiatimes.com,063 Bonner Trail,f4N9ruIZndTK
kmazzei2t,jsantorini2t@prnewswire.com,2 Scott Pass,kynh1gNOwmj
rgomer2u,spibworth2u@baidu.com,62 Vernon Parkway,JmtmS81vCqrG
ppashba2v,bloggie2v@sina.com.cn,2 Utah Circle,rYXyMhLn4VJg
jgummie2w,wdow2w@cornell.edu,7 Summerview Place,APGXRk6D3QtI
cogelbe2x,wmacparlan2x@phpbb.com,8 Brown Lane,JlhEVsCEWw
hgoring2y,ccherry2y@wikia.com,57 Sauthoff Lane,Ng8ebQVNmjug
mshildrake2z,echauvey2z@lycos.com,5 Tennessee Street,XOunIYgI
osmeeton30,lgosson30@booking.com,663 Scoville Center,oOzI1N
briches31,adolohunty31@google.fr,17155 Darwin Lane,VaNyKu
pjewer32,gdoick32@mashable.com,2 Oakridge Point,tLxpbmUgC
slewins33,dpoile33@networkadvertising.org,8 Dakota Drive,UmdORvs
zfoskin34,mower34@php.net,710 Golden Leaf Lane,QoLTr1sA
srown35,mbagshaw35@time.com,42738 Harbort Drive,SCJ4seNQjG
sforrest36,rfreed36@dmoz.org,1847 Huxley Trail,ppPCnpYV
sthake37,hskayman37@examiner.com,44747 Hanson Parkway,TlScyFfPxd
nbedham38,bcominoli38@behance.net,30 Caliangt Pass,q2jbtWA1
hshelmardine39,rikin39@joomla.org,8434 Ramsey Street,ENU0Vq41NX1G
wscad3a,jchafney3a@studiopress.com,84272 Reindahl Parkway,ESCxmYk7HKdy
kmccoughan3b,ffirebrace3b@imdb.com,7 Canary Pass,PUkrnC3NFanL
gertel3c,rkenson3c@ca.gov,2281 Eastwood Drive,4UEqKJL
ataffie3d,tnorris3d@wordpress.com,69 Moulton Lane,Lv3TeNmexhf
opennycuick3e,thodgin3e@wordpress.com,849 Kensington Circle,7TK84UvZ
pmarikhin3f,acobden3f@topsy.com,62 Dahle Parkway,jKgpIXf
rchad3g,fpetworth3g@google.co.jp,030 Mesta Drive,Jwt4kl8W
rmitchel3h,askippon3h@histats.com,1 Montana Center,7aifcBYG3y7
amargarson3i,gwills3i@cdc.gov,13704 Stone Corner Pass,8pdjIC
shumbatch3j,mchugg3j@thetimes.co.uk,825 Sunfield Circle,5LscRbjeB3R
gyallop3k,abeckhurst3k@google.com.au,324 Maple Wood Trail,EsNYlD
fsawle3l,rjury3l@techcrunch.com,120 Anzinger Alley,Zw42SK8PLq
dpittford3m,cakker3m@abc.net.au,9477 Golf Course Crossing,nJIjpLZ
cpresslie3n,ddenford3n@vkontakte.ru,498 Mockingbird Point,9PKcJBi0
meayres3o,acattini3o@newyorker.com,7109 Cordelia Crossing,LXSzkZi
acheccuzzi3p,ejarritt3p@cnn.com,1 Blaine Drive,Guv2GcGDA
ggauson3q,cbayle3q@dedecms.com,94 Texas Circle,aChZzL
jchadney3r,btoderbrugge3r@tinyurl.com,7 Ridge Oak Lane,YqmICjU
jswatridge3s,sdurkin3s@i2i.jp,681 Jana Center,2A4radJw
gohartnett3t,sbillyard3t@creativecommons.org,462 Barby Lane,GKWy5rARZ
tareles3u,hbordiss3u@ask.com,62288 Lakewood Gardens Crossing,X866AGmYXON
obattabee3v,wpenhaleurack3v@wordpress.org,8 Columbus Drive,NXyjSDtU
dhuncote3w,ibannister3w@hud.gov,66618 Chive Crossing,Hbd81ZI2FjFA
yallgood3x,rcasford3x@netscape.com,9 Arkansas Avenue,0Jaaev
dmingame3y,pmarielle3y@hibu.com,8 Welch Point,E9P9tSnWF
mmarians3z,cmontrose3z@who.int,0203 Village Pass,mkIayPYPz
ajacobsohn40,etolomei40@netlog.com,728 Thackeray Crossing,LknVbQy8J3ll
fkynder41,rfoote41@marriott.com,0599 Corben Parkway,G0pT8FeH
toxbie42,asegebrecht42@drupal.org,0 Packers Center,F7rcwKw5vJEf
ytuffs43,scolman43@xrea.com,722 Miller Trail,O1qBQ7rSiHs
adwire44,pjinkins44@t.co,58 Pond Circle,hTsp3DRyvo
ocastilljo45,dgreenhaugh45@blogger.com,80 Delaware Junction,VmLTvsDNdUB
afaltin46,gbertie46@com.com,424 Susan Crossing,v3cVdeS2fQGi
lcostelloe47,trowledge47@mozilla.org,9272 Shopko Center,ASOqPep
kpearlman48,amunehay48@blogtalkradio.com,16904 Farragut Court,wJ3WHZz3CYX
fbullent49,qcotesford49@ucsd.edu,14558 Bobwhite Parkway,rQbhZAre5h
pimpleton4a,srocca4a@scribd.com,93539 Mockingbird Point,f603buXX1
brameau4b,kweedenburg4b@cam.ac.uk,8 Commercial Street,lubCBvQuU
dduckinfield4c,tgange4c@uol.com.br,6722 Dryden Road,xqCAQGk3d
lkalb4d,jpuckham4d@mapquest.com,9350 American Hill,xL5ONTlGee
mbednall4e,gdybald4e@unblog.fr,589 Welch Center,TFv5qAD1
bgorwood4f,gdahlback4f@aboutads.info,0670 Schlimgen Place,oMPQLSiM
dantczak4g,ineesam4g@ucoz.ru,1 Marcy Terrace,BJQ2MVwgT
imclarnon4h,lchantree4h@biglobe.ne.jp,340 Mayfield Hill,rlD0Kih
bfalconbridge4i,mhargie4i@examiner.com,946 8th Trail,Bews6Pil
abanyard4j,mgeydon4j@flavors.me,1 Killdeer Place,v5N50rzc
dolcot4k,tocullinane4k@house.gov,2 Monica Point,dkzWwFK
bquinell4l,ctestro4l@reuters.com,9 Green Ridge Circle,xYtphTYTCCT
mtranfield4m,mkilmary4m@skyrock.com,619 Spenser Crossing,3xamUIyUrHn
cmouland4n,fcoard4n@globo.com,44698 Crest Line Circle,9Cp8512Vp
rtaborre4o,gtefft4o@google.com.hk,1604 Brentwood Point,qfJucjjOFF
abinnall4p,ddrysdale4p@example.com,78999 4th Plaza,Tmkf36HS2xpe
garmytage4q,mbartrum4q@nytimes.com,1 Ramsey Hill,3Wr3Nv0ZO
gcutress4r,alafaye4r@last.fm,8824 Dwight Plaza,HAtogO2oXZ
ndowsey4s,gbailes4s@dot.gov,7630 Stone Corner Circle,7bO3uspl3C2
ssheather4t,kmackartan4t@goo.ne.jp,00646 Clyde Gallagher Point,cJRA1R
ebucklee4u,abettley4u@goo.ne.jp,897 Old Shore Center,f4HueFFCit
tfranchioni4v,hlinnett4v@networkadvertising.org,1 Vernon Crossing,TSO01AMBHUn
fboles4w,pcaselli4w@europa.eu,633 Ridgeview Drive,D7Jt1CiMI1E
rrowen4x,htoland4x@independent.co.uk,10639 Meadow Valley Terrace,x1PHcoQu8wlX
dfowles4y,cscarf4y@linkedin.com,9064 Towne Crossing,T368VsQQDoYU
cdufton4z,askegg4z@amazon.co.jp,260 Dottie Road,w6JPyuzTn
srive50,gmarkey50@whitehouse.gov,04 Prentice Avenue,T25wlF0NP
wcristofor51,rdamiral51@microsoft.com,6 Veith Crossing,U4lL80Og
crittmeyer52,sridolfi52@springer.com,2 Waywood Parkway,exheaxt
bgilfether53,djustice53@typepad.com,2194 Meadow Valley Lane,dvAkrYL
estobbe54,aaleso54@wikipedia.org,2 Superior Plaza,DDBprQt
pbiggam55,rtreby55@friendfeed.com,22698 Sachtjen Court,JW2thjL
mpollie56,smatura56@tinypic.com,6 Erie Way,JjqURbtWCC
dgalletly57,ghargey57@examiner.com,3 Banding Alley,6DItyq6
jmacshirrie58,gdummer58@alibaba.com,2326 Eggendart Place,yryS0wqw
gkinner59,djammet59@telegraph.co.uk,7726 Glendale Center,xarzgps
grafter5a,emartinek5a@51.la,1 Kennedy Junction,Rsy9ER
rjacquest5b,mballaam5b@hostgator.com,5240 Meadow Valley Terrace,hCVoZeic
ccarruthers5c,araffin5c@gnu.org,8610 Dwight Place,stLmqt3
ewhalley5d,klockie5d@phoca.cz,80 Arapahoe Alley,24thmTg9p8vf
molivazzi5e,dpeach5e@pcworld.com,24 Packers Junction,sYXRNKLAz1UM
icollimore5f,ibranch5f@bloglines.com,68955 Ramsey Circle,7IeUaI
dstarie5g,ccorsan5g@paginegialle.it,206 Roxbury Avenue,ns2LkMP1zo11
mglencros5h,eyuryatin5h@vkontakte.ru,7 Butterfield Street,aLD8ubwRZeQn
feitter5i,wdewitt5i@ft.com,31037 Transport Street,x6qkCH0
aparidge5j,jdarte5j@addthis.com,0798 Pankratz Hill,goNk2lhBE
