username,email,adresa,telefon,parola
ghandling0,msaxelby0@boston.com,72 Clyde Gallagher Lane,0779297714,cEUOYuq7mo
scollerd1,mdaniells1@angelfire.com,8198 Miller Crossing,0735658169,wrlq4E0WIa
amckendry2,baugustin2@hugedomains.com,64 Scoville Point,0762114132,HvNe3Ja9k
jisakson3,klardner3@usda.gov,160 Hazelcrest Park,0714375524,buIhdpvy2qK
oboucher4,kgregorowicz4@dell.com,3 Clemons Center,0761996662,Be9bvho27
cpheby5,ajezard5@aol.com,1 Dovetail Park,0704918931,FdLwkZZP
hstandell6,cpelfer6@vinaora.com,5217 Cambridge Crossing,0761804253,2Ex9F5x
osallowaye7,cbleythin7@amazon.co.uk,653 Judy Trail,0763193423,JYb1TZ
hlawlor8,slarby8@mtv.com,053 Sachs Junction,0711975311,6vYzZ2P1ZK
cspikings9,ccleary9@goodreads.com,3 Loeprich Crossing,0740757363,H7K6Vg6HjT5k
ringlestona,tviviena@altervista.org,21 Manufacturers Pass,0785623018,88jtkKSa
astockleb,rhilandb@bloglovin.com,436 Westridge Court,0794113716,xkpQvh5
jbruggerc,vvanderbrugc@feedburner.com,286 Melvin Way,0703648821,tw16xDq87u
jattreedd,bhealyd@sina.com.cn,07491 Goodland Terrace,0786317662,yF7i7eynw5D
dbewlye,bannandalee@usatoday.com,99 7th Pass,0712992866,1ZVP8tlGv
ccunradif,jpaffleyf@fema.gov,82824 Rigney Avenue,0743908977,pp991f0pEcQu
lguppyg,amckayg@tripadvisor.com,6 Badeau Center,0760330834,JETppDOV
lsandefordh,pconnochieh@gov.uk,91 Beilfuss Street,0761181385,EJ5c1zlQBO9q
ocunniffi,ainstonei@vistaprint.com,4399 Daystar Drive,0734881450,0giYVq
lpeakj,kmitchellj@spiegel.de,11 Ridge Oak Park,0769081934,vWZX8dFdcFll
aarmigerk,elowdek@cnet.com,58180 Petterle Trail,0725867844,NnzJ2fkWvg5c
ecolaml,estuckl@bluehost.com,91196 Veith Junction,0768832973,qhdYFNk
dduffieldm,edealym@wordpress.com,00549 Shoshone Terrace,0769980780,ESC0UDpV
fcicconen,lpaolazzin@mac.com,6297 Mockingbird Terrace,0727201752,AWbtVfFK
fraulstono,ftorbeto@slashdot.org,3 Oxford Crossing,0791547816,yx3kqU
awisemanp,foluneyp@wisc.edu,9812 Esch Circle,0720658274,2NQQEbOLiB
ncrombieq,aneasamq@qq.com,321 Ramsey Plaza,0762946417,1XBcnGjY16eq
jrasmusr,lgymblettr@tripod.com,685 Heath Junction,0798897923,fFyCqVL2
vlampitts,ccreebos@trellian.com,92213 Carpenter Avenue,0752147726,EEBKGit8R9x
fsilvertont,ebrizellt@photobucket.com,4 Pennsylvania Pass,0787925048,0opWWARS
ctweedeu,drattrayu@zimbio.com,7053 Main Center,0789785118,64IoXh9kkh
kdictyv,dholahv@tinypic.com,77789 Lyons Hill,0705443999,GUbtXXwsze
khaburnew,rfurnellw@virginia.edu,065 Hollow Ridge Junction,0708134000,Z0jKOCuxs
gdrillingcourtx,jfarfootx@google.it,5068 Comanche Point,0742465205,CTmnJxP
jgregorey,hburburoughy@sourceforge.net,8377 Commercial Trail,0766970042,DMPgxf
jfacherz,cdomleoz@youku.com,28252 Morningstar Circle,0754331898,gKVMUm
cdarbey10,jerskin10@tripod.com,9958 Barnett Hill,0777930358,PCbMWLG
sschohier11,efantin11@uol.com.br,16043 Mariners Cove Center,0762686243,Si2FVKRNN
rwalklot12,sepinay12@japanpost.jp,143 Sherman Place,0797628619,cazSiUZswL8
ydany13,bkestle13@usnews.com,0 Magdeline Park,0719069618,8RBWQWDHr4
awyson14,nchallace14@tripod.com,7 Dwight Plaza,0781287359,3R9hqWE8IcX
aherety15,cmileham15@spotify.com,7 Stang Center,0714234642,QgLNZD9gH5KQ
sbrotherheed16,mtapsfield16@themeforest.net,3 Manufacturers Drive,0745888195,XUoEloxy4GNL
ckobes17,iagius17@house.gov,95 Badeau Drive,0719562954,nkex7Xidx
mmattiato18,nruslin18@timesonline.co.uk,43 Carioca Street,0757341011,VyR5fbGrb51G
rwitul19,msetch19@wikipedia.org,0683 Dixon Court,0725901941,qlj1Xzcn
bfewlass1a,btodor1a@bigcartel.com,1862 Clarendon Point,0758889451,B39HesUvI8B
agrimsditch1b,tdipple1b@blogspot.com,72918 Jenna Road,0754144171,StYYpn6hjb
dolenane1c,xmcgurn1c@engadget.com,294 Reinke Pass,0784772073,amHOI1f4sN
fwhorall1d,vkenealy1d@boston.com,0580 Stephen Circle,0748250136,hAvxkF
bsackes1e,pchristiensen1e@geocities.com,72 7th Street,0742236330,SDJSLSUT
mpridgeon1f,ctrodd1f@dailymotion.com,4 Duke Pass,0718365443,cffziQ9y
sschwerin1g,bstegell1g@purevolume.com,4 Paget Street,0751858837,ptJFyMdtD
jrosingdall1h,achong1h@issuu.com,0 Pond Street,0792700692,7WhjCYPh
ewoolveridge1i,obezzant1i@ed.gov,359 Burning Wood Junction,0724453596,5VGCosf89
lbennet1j,llewsy1j@cafepress.com,360 Dahle Lane,0765007467,KoGLtw
iallmond1k,mcahillane1k@jigsy.com,3422 Quincy Way,0751750658,Cq1S4TDQM
ltaffs1l,arollo1l@addthis.com,2 Shasta Pass,0794703021,Uuzs76Fw
deagger1m,cfortnon1m@hc360.com,15 Delaware Alley,0704241303,AEeCyIT
bnabbs1n,nmcgifford1n@ebay.com,87 Cordelia Point,0754631354,PGVZUZcd
aelward1o,hkennedy1o@boston.com,524 Lakeland Park,0765403300,dsrvcvJWK1ta
stasch1p,zholdforth1p@nih.gov,95 Linden Road,0742193589,cbh2G4E7Ax
mblanche1q,eflanigan1q@hao123.com,109 Sycamore Avenue,0798448503,B0qQMnYUm
jwrotham1r,gcaldecutt1r@who.int,8 Lunder Point,0752750672,SKc80eE53
ehayen1s,nstoodley1s@google.com.au,9 Elgar Parkway,0759755606,AoGg2dCmQt
esapseed1t,asudddard1t@addthis.com,4288 Twin Pines Way,0787891059,6N2p6AXvJn
kurvoy1u,bhaversham1u@blogger.com,9 Del Mar Plaza,0729625527,pHPMheJxLa
kcliss1v,abedell1v@purevolume.com,48 Columbus Hill,0749835445,7DmJaX9em
cglanville1w,lmcgiveen1w@blogger.com,13 Summerview Street,0717513819,O8jGR9hR
dlytle1x,goskehan1x@craigslist.org,622 Ilene Lane,0760810330,h2lC05kXTr
jmatyas1y,sstithe1y@sakura.ne.jp,1 Rieder Parkway,0752461397,5tbq1GMcGW
jessam1z,dlattka1z@yale.edu,1995 Loomis Parkway,0769165524,LCndtnMv
bsimeoli20,bblucher20@canalblog.com,1 Menomonie Plaza,0727554152,DYAnETxXrpGy
twogdon21,fethington21@jimdo.com,4750 Commercial Park,0730854868,yoobVZ15
eberry22,rcusworth22@businesswire.com,047 Ohio Junction,0736050525,45gY9WccB
ehuie23,hlondesborough23@rediff.com,339 Hovde Road,0777701117,qBCFhqr4
rheikkinen24,dmcgeagh24@imageshack.us,738 Rockefeller Trail,0710338191,tYbEbN
kocrotty25,ashercliff25@geocities.com,88 Waxwing Lane,0740882824,wx0BJ7b78
gtheuss26,tmolohan26@uol.com.br,2226 Bonner Plaza,0740062787,CmKeCottsk2
tburrow27,rsalvidge27@cisco.com,99 Jana Road,0794197090,3n0TyKGK5
pscheffler28,sstanbridge28@reverbnation.com,16887 Esch Parkway,0720960935,e3gF6Z
dboulsher29,kshouler29@samsung.com,96448 Macpherson Court,0708677441,qjrjiObAz8NR
nsolomonides2a,aexter2a@ask.com,167 Mosinee Way,0776160104,7Nji1W
kmoatt2b,fbernhart2b@google.fr,78531 Hauk Center,0750077890,vmyEWZt
wduquesnay2c,gbastistini2c@wp.com,29832 John Wall Road,0771361196,9Dh9dmUPZl
wheak2d,fbackshill2d@virginia.edu,29970 Kings Alley,0787636017,h34AsE7
omyhan2e,nchristy2e@loc.gov,64292 Mallory Point,0793653246,uoI3HCZ
econcklin2f,kyerill2f@marketwatch.com,66380 Stone Corner Road,0731827668,DwOEhW
mshaves2g,plegall2g@shinystat.com,69 Emmet Pass,0749882050,SKz5xWYQSJ
tklimko2h,ahellyer2h@dropbox.com,69544 Nobel Way,0738019806,Nh2o5rBZvV
tsummerfield2i,mgurery2i@deliciousdays.com,495 Parkside Lane,0763338077,3Ju7AntMy
dallawy2j,pmuncey2j@tuttocitta.it,902 Chive Place,0722537881,aRA3n0ak7gCh
mraubenheim2k,eraincin2k@cpanel.net,6 Utah Way,0727601029,vjCwRL6OR
cdorow2l,ebruggen2l@imgur.com,4 Loftsgordon Court,0776843767,KTXvoRBWoAl
rkrikorian2m,bbravery2m@globo.com,33219 Lunder Circle,0766554088,Pzh6mTG4
mreddecliffe2n,fcannaway2n@bloomberg.com,8 Waxwing Place,0765760045,sjujM1W
naldred2o,ppleaden2o@wufoo.com,587 Ryan Lane,0741715798,pFev6pYYYgNk
iryle2p,emein2p@icq.com,01202 Morrow Crossing,0742406359,7y0P8dnH
rcapelen2q,ooland2q@accuweather.com,00 Moland Pass,0795347341,Umaf1DJv4S
smergue2r,iponte2r@privacy.gov.au,453 Gateway Trail,0720016398,4aK1uGDIA1
nbramont2s,tbanting2s@indiatimes.com,063 Bonner Trail,0762980854,f4N9ruIZndTK
kmazzei2t,jsantorini2t@prnewswire.com,2 Scott Pass,0740048474,kynh1gNOwmj
rgomer2u,spibworth2u@baidu.com,62 Vernon Parkway,0723613917,JmtmS81vCqrG
ppashba2v,bloggie2v@sina.com.cn,2 Utah Circle,0705758907,rYXyMhLn4VJg
jgummie2w,wdow2w@cornell.edu,7 Summerview Place,0708071668,APGXRk6D3QtI
cogelbe2x,wmacparlan2x@phpbb.com,8 Brown Lane,0740350071,JlhEVsCEWw
hgoring2y,ccherry2y@wikia.com,57 Sauthoff Lane,0779772633,Ng8ebQVNmjug
mshildrake2z,echauvey2z@lycos.com,5 Tennessee Street,0798570815,XOunIYgI
osmeeton30,lgosson30@booking.com,663 Scoville Center,0755834939,oOzI1N
briches31,adolohunty31@google.fr,17155 Darwin Lane,0720555386,VaNyKu
pjewer32,gdoick32@mashable.com,2 Oakridge Point,0705021884,tLxpbmUgC
slewins33,dpoile33@networkadvertising.org,8 Dakota Drive,0785412159,UmdORvs
zfoskin34,mower34@php.net,710 Golden Leaf Lane,0735244516,QoLTr1sA
srown35,mbagshaw35@time.com,42738 Harbort Drive,0742562010,SCJ4seNQjG
sforrest36,rfreed36@dmoz.org,1847 Huxley Trail,0711806636,ppPCnpYV
sthake37,hskayman37@examiner.com,44747 Hanson Parkway,0791775834,TlScyFfPxd
nbedham38,bcominoli38@behance.net,30 Caliangt Pass,0712656587,q2jbtWA1
hshelmardine39,rikin39@joomla.org,8434 Ramsey Street,0766137838,ENU0Vq41NX1G
wscad3a,jchafney3a@studiopress.com,84272 Reindahl Parkway,0717130764,ESCxmYk7HKdy
kmccoughan3b,ffirebrace3b@imdb.com,7 Canary Pass,0744111309,PUkrnC3NFanL
gertel3c,rkenson3c@ca.gov,2281 Eastwood Drive,0720011063,4UEqKJL
ataffie3d,tnorris3d@wordpress.com,69 Moulton Lane,0759670451,Lv3TeNmexhf
opennycuick3e,thodgin3e@wordpress.com,849 Kensington Circle,0761582235,7TK84UvZ
pmarikhin3f,acobden3f@topsy.com,62 Dahle Parkway,0720719963,jKgpIXf
rchad3g,fpetworth3g@google.co.jp,030 Mesta Drive,0771328085,Jwt4kl8W
rmitchel3h,askippon3h@histats.com,1 Montana Center,0790395600,7aifcBYG3y7
amargarson3i,gwills3i@cdc.gov,13704 Stone Corner Pass,0709450243,8pdjIC
shumbatch3j,mchugg3j@thetimes.co.uk,825 Sunfield Circle,0746557845,5LscRbjeB3R
gyallop3k,abeckhurst3k@google.com.au,324 Maple Wood Trail,0708315697,EsNYlD
fsawle3l,rjury3l@techcrunch.com,120 Anzinger Alley,0760937511,Zw42SK8PLq
dpittford3m,cakker3m@abc.net.au,9477 Golf Course Crossing,0795152266,nJIjpLZ
cpresslie3n,ddenford3n@vkontakte.ru,498 Mockingbird Point,0784719841,9PKcJBi0
meayres3o,acattini3o@newyorker.com,7109 Cordelia Crossing,0755430443,LXSzkZi
acheccuzzi3p,ejarritt3p@cnn.com,1 Blaine Drive,0719392675,Guv2GcGDA
ggauson3q,cbayle3q@dedecms.com,94 Texas Circle,0717997219,aChZzL
jchadney3r,btoderbrugge3r@tinyurl.com,7 Ridge Oak Lane,0761688899,YqmICjU
jswatridge3s,sdurkin3s@i2i.jp,681 Jana Center,0766989571,2A4radJw
gohartnett3t,sbillyard3t@creativecommons.org,462 Barby Lane,0734771046,GKWy5rARZ
tareles3u,hbordiss3u@ask.com,62288 Lakewood Gardens Crossing,0706453590,X866AGmYXON
obattabee3v,wpenhaleurack3v@wordpress.org,8 Columbus Drive,0796095418,NXyjSDtU
dhuncote3w,ibannister3w@hud.gov,66618 Chive Crossing,0772165628,Hbd81ZI2FjFA
yallgood3x,rcasford3x@netscape.com,9 Arkansas Avenue,0778331161,0Jaaev
dmingame3y,pmarielle3y@hibu.com,8 Welch Point,0710152165,E9P9tSnWF
mmarians3z,cmontrose3z@who.int,0203 Village Pass,0796503367,mkIayPYPz
ajacobsohn40,etolomei40@netlog.com,728 Thackeray Crossing,0731221948,LknVbQy8J3ll
fkynder41,rfoote41@marriott.com,0599 Corben Parkway,0737429748,G0pT8FeH
toxbie42,asegebrecht42@drupal.org,0 Packers Center,0708992891,F7rcwKw5vJEf
ytuffs43,scolman43@xrea.com,722 Miller Trail,0734219466,O1qBQ7rSiHs
adwire44,pjinkins44@t.co,58 Pond Circle,0766096973,hTsp3DRyvo
ocastilljo45,dgreenhaugh45@blogger.com,80 Delaware Junction,0776325534,VmLTvsDNdUB
afaltin46,gbertie46@com.com,424 Susan Crossing,0700133848,v3cVdeS2fQGi
lcostelloe47,trowledge47@mozilla.org,9272 Shopko Center,0728495376,ASOqPep
kpearlman48,amunehay48@blogtalkradio.com,16904 Farragut Court,0794981882,wJ3WHZz3CYX
fbullent49,qcotesford49@ucsd.edu,14558 Bobwhite Parkway,0758058608,rQbhZAre5h
pimpleton4a,srocca4a@scribd.com,93539 Mockingbird Point,0741590333,f603buXX1
brameau4b,kweedenburg4b@cam.ac.uk,8 Commercial Street,0737961540,lubCBvQuU
dduckinfield4c,tgange4c@uol.com.br,6722 Dryden Road,0759731403,xqCAQGk3d
lkalb4d,jpuckham4d@mapquest.com,9350 American Hill,0763023455,xL5ONTlGee
mbednall4e,gdybald4e@unblog.fr,589 Welch Center,0714799651,TFv5qAD1
bgorwood4f,gdahlback4f@aboutads.info,0670 Schlimgen Place,0755663212,oMPQLSiM
dantczak4g,ineesam4g@ucoz.ru,1 Marcy Terrace,0736230646,BJQ2MVwgT
imclarnon4h,lchantree4h@biglobe.ne.jp,340 Mayfield Hill,0722019057,rlD0Kih
bfalconbridge4i,mhargie4i@examiner.com,946 8th Trail,0749922120,Bews6Pil
abanyard4j,mgeydon4j@flavors.me,1 Killdeer Place,0793050398,v5N50rzc
dolcot4k,tocullinane4k@house.gov,2 Monica Point,0714278089,dkzWwFK
bquinell4l,ctestro4l@reuters.com,9 Green Ridge Circle,0717184625,xYtphTYTCCT
mtranfield4m,mkilmary4m@skyrock.com,619 Spenser Crossing,0799538389,3xamUIyUrHn
cmouland4n,fcoard4n@globo.com,44698 Crest Line Circle,0714727967,9Cp8512Vp
rtaborre4o,gtefft4o@google.com.hk,1604 Brentwood Point,0720769751,qfJucjjOFF
abinnall4p,ddrysdale4p@example.com,78999 4th Plaza,0742852581,Tmkf36HS2xpe
garmytage4q,mbartrum4q@nytimes.com,1 Ramsey Hill,0757289620,3Wr3Nv0ZO
gcutress4r,alafaye4r@last.fm,8824 Dwight Plaza,0765930695,HAtogO2oXZ
ndowsey4s,gbailes4s@dot.gov,7630 Stone Corner Circle,0766999445,7bO3uspl3C2
ssheather4t,kmackartan4t@goo.ne.jp,00646 Clyde Gallagher Point,0737746165,cJRA1R
ebucklee4u,abettley4u@goo.ne.jp,897 Old Shore Center,0722658521,f4HueFFCit
tfranchioni4v,hlinnett4v@networkadvertising.org,1 Vernon Crossing,0772482306,TSO01AMBHUn
fboles4w,pcaselli4w@europa.eu,633 Ridgeview Drive,0780891597,D7Jt1CiMI1E
rrowen4x,htoland4x@independent.co.uk,10639 Meadow Valley Terrace,0772564328,x1PHcoQu8wlX
dfowles4y,cscarf4y@linkedin.com,9064 Towne Crossing,0740041423,T368VsQQDoYU
cdufton4z,askegg4z@amazon.co.jp,260 Dottie Road,0701911926,w6JPyuzTn
srive50,gmarkey50@whitehouse.gov,04 Prentice Avenue,0730628148,T25wlF0NP
wcristofor51,rdamiral51@microsoft.com,6 Veith Crossing,0741895842,U4lL80Og
crittmeyer52,sridolfi52@springer.com,2 Waywood Parkway,0719408470,exheaxt
bgilfether53,djustice53@typepad.com,2194 Meadow Valley Lane,0704445658,dvAkrYL
estobbe54,aaleso54@wikipedia.org,2 Superior Plaza,0711186885,DDBprQt
pbiggam55,rtreby55@friendfeed.com,22698 Sachtjen Court,0788083938,JW2thjL
mpollie56,smatura56@tinypic.com,6 Erie Way,0711121823,JjqURbtWCC
dgalletly57,ghargey57@examiner.com,3 Banding Alley,0703584636,6DItyq6
jmacshirrie58,gdummer58@alibaba.com,2326 Eggendart Place,0785805981,yryS0wqw
gkinner59,djammet59@telegraph.co.uk,7726 Glendale Center,0727282644,xarzgps
grafter5a,emartinek5a@51.la,1 Kennedy Junction,0740693535,Rsy9ER
rjacquest5b,mballaam5b@hostgator.com,5240 Meadow Valley Terrace,0795435865,hCVoZeic
ccarruthers5c,araffin5c@gnu.org,8610 Dwight Place,0765488971,stLmqt3
ewhalley5d,klockie5d@phoca.cz,80 Arapahoe Alley,0775127145,24thmTg9p8vf
molivazzi5e,dpeach5e@pcworld.com,24 Packers Junction,0750701651,sYXRNKLAz1UM
icollimore5f,ibranch5f@bloglines.com,68955 Ramsey Circle,0764576832,7IeUaI
dstarie5g,ccorsan5g@paginegialle.it,206 Roxbury Avenue,0784285094,ns2LkMP1zo11
mglencros5h,eyuryatin5h@vkontakte.ru,7 Butterfield Street,0712323434,aLD8ubwRZeQn
feitter5i,wdewitt5i@ft.com,31037 Transport Street,0711222498,x6qkCH0
aparidge5j,jdarte5j@addthis.com,0798 Pankratz Hill,0715921766,goNk2lhBE